{
  "Precision": 0.4055299460887909,
  "Recall": 0.9670329689979553,
  "auc": 0.9942734837532043,
  "loss": 0.44545915722846985,
  "val_Precision": 0.2647058963775635,
  "val_Recall": 0.4736842215061188,
  "val_auc": 0.7901661992073059,
  "val_loss": 0.7180261015892029,
  "learning_rate": 0.0005000000237487257,
  "epoch": 71,
  "global_step": 4320
}