{
  "Precision": 0.40086206793785095,
  "Recall": 0.96875,
  "auc": 0.9939351677894592,
  "loss": 0.41048160195350647,
  "val_Precision": 0.3199999928474426,
  "val_Recall": 0.5714285969734192,
  "val_auc": 0.7551020383834839,
  "val_loss": 0.7203664779663086,
  "learning_rate": 0.0002500000118743628,
  "epoch": 78,
  "global_step": 5293
}