{
  "Precision": 0.3779527544975281,
  "Recall": 1.0,
  "auc": 0.9951390624046326,
  "loss": 0.49080929160118103,
  "val_Precision": 0.3499999940395355,
  "val_Recall": 0.5,
  "val_auc": 0.7576529383659363,
  "val_loss": 0.7415731549263,
  "learning_rate": 0.0005000000237487257,
  "epoch": 61,
  "global_step": 4154
}