{
  "Precision": 0.1791907548904419,
  "Recall": 0.96875,
  "auc": 0.9798886179924011,
  "loss": 0.6913297772407532,
  "val_Precision": 0.3199999928474426,
  "val_Recall": 0.5714285969734192,
  "val_auc": 0.7492150664329529,
  "val_loss": 0.8718640208244324,
  "learning_rate": 0.0005000000237487257,
  "epoch": 18,
  "global_step": 1273
}