{
  "Precision": 0.41333332657814026,
  "Recall": 0.9789473414421082,
  "auc": 0.9962375164031982,
  "loss": 0.41430890560150146,
  "val_Precision": 0.40909090638160706,
  "val_Recall": 0.6000000238418579,
  "val_auc": 0.7893651723861694,
  "val_loss": 0.6034135222434998,
  "learning_rate": 0.0002500000118743628,
  "epoch": 82,
  "global_step": 5478
}