{
  "accuracy": 0.7932242751121521,
  "loss": 0.3448973000049591,
  "val_accuracy": 0.9132652878761292,
  "val_loss": 0.2854138910770416,
  "learning_rate": 0.0010000000474974513,
  "epoch": 4,
  "global_step": 335
}