{
  "Precision": 0.2700296640396118,
  "Recall": 0.9479166865348816,
  "auc": 0.9882500767707825,
  "loss": 0.5522019267082214,
  "val_Precision": 0.21739129722118378,
  "val_Recall": 0.3571428656578064,
  "val_auc": 0.7201727032661438,
  "val_loss": 0.8318604230880737,
  "learning_rate": 0.0001250000059371814,
  "epoch": 76,
  "global_step": 5159
}