{
  "Precision": 0.07583773881196976,
  "Recall": 0.8958333134651184,
  "auc": 0.8946656584739685,
  "loss": 0.5472412109375,
  "val_Precision": 0.29411765933036804,
  "val_Recall": 0.3571428656578064,
  "val_auc": 0.7036892175674438,
  "val_loss": 0.47538691759109497,
  "learning_rate": 0.0010000000474974513,
  "epoch": 4,
  "global_step": 335
}