{
  "Precision": 0.4720812141895294,
  "Recall": 0.9789473414421082,
  "auc": 0.9960394501686096,
  "loss": 0.3706029951572418,
  "val_Precision": 0.3636363744735718,
  "val_Recall": 0.5333333611488342,
  "val_auc": 0.7877779006958008,
  "val_loss": 0.6360365152359009,
  "learning_rate": 0.0001250000059371814,
  "epoch": 86,
  "global_step": 5742
}