{
  "accuracy": 0.8721644878387451,
  "loss": 0.06260838359594345,
  "val_accuracy": 0.9285714030265808,
  "val_loss": 0.023241490125656128,
  "learning_rate": 0.0010000000474974513,
  "epoch": 1,
  "global_step": 266
}