{
  "Precision": 0.5621301531791687,
  "Recall": 1.0,
  "auc": 0.9979491233825684,
  "loss": 0.34939831495285034,
  "val_Precision": 0.3076923191547394,
  "val_Recall": 0.2666666805744171,
  "val_auc": 0.7915872931480408,
  "val_loss": 0.5784114599227905,
  "learning_rate": 0.0001250000059371814,
  "epoch": 94,
  "global_step": 6270
}