{
  "Precision": 0.4266666769981384,
  "Recall": 1.0,
  "auc": 0.9962405562400818,
  "loss": 0.4662311375141144,
  "val_Precision": 0.4000000059604645,
  "val_Recall": 0.5714285969734192,
  "val_auc": 0.7723703980445862,
  "val_loss": 0.7588197588920593,
  "learning_rate": 0.0001250000059371814,
  "epoch": 93,
  "global_step": 6298
}