{
  "Precision": 0.14176829159259796,
  "Recall": 0.96875,
  "auc": 0.9703521132469177,
  "loss": 0.24612005054950714,
  "val_Precision": 0.2857142984867096,
  "val_Recall": 0.4285714328289032,
  "val_auc": 0.7431318759918213,
  "val_loss": 0.32072070240974426,
  "learning_rate": 0.0010000000474974513,
  "epoch": 7,
  "global_step": 536
}