{
  "Precision": 0.1080097109079361,
  "Recall": 0.9270833134651184,
  "auc": 0.9437204599380493,
  "loss": 0.5774800181388855,
  "val_Precision": 0.2631579041481018,
  "val_Recall": 0.7142857313156128,
  "val_auc": 0.8222134709358215,
  "val_loss": 0.6791808605194092,
  "learning_rate": 0.0002500000118743628,
  "epoch": 69,
  "global_step": 4690
}