{
  "Precision": 0.08235294371843338,
  "Recall": 0.9479166865348816,
  "auc": 0.9320825338363647,
  "loss": 0.49225082993507385,
  "val_Precision": 0.3333333432674408,
  "val_Recall": 0.2142857164144516,
  "val_auc": 0.7131083011627197,
  "val_loss": 0.4216081202030182,
  "learning_rate": 0.0010000000474974513,
  "epoch": 4,
  "global_step": 335
}