{
  "Precision": 0.05865522101521492,
  "Recall": 0.8541666865348816,
  "auc": 0.8637903332710266,
  "loss": 0.6003850698471069,
  "val_Precision": 0.3333333432674408,
  "val_Recall": 0.3571428656578064,
  "val_auc": 0.7558869123458862,
  "val_loss": 0.4683682322502136,
  "learning_rate": 0.0010000000474974513,
  "epoch": 3,
  "global_step": 268
}