{
  "Precision": 0.06167401000857353,
  "Recall": 0.875,
  "auc": 0.875135600566864,
  "loss": 0.5821333527565002,
  "val_Precision": 0.3529411852359772,
  "val_Recall": 0.4285714328289032,
  "val_auc": 0.7490187883377075,
  "val_loss": 0.5556519031524658,
  "learning_rate": 0.0010000000474974513,
  "epoch": 3,
  "global_step": 268
}