{
  "Precision": 0.16576576232910156,
  "Recall": 0.9583333134651184,
  "auc": 0.9761965870857239,
  "loss": 0.2131665050983429,
  "val_Precision": 0.2068965584039688,
  "val_Recall": 0.4285714328289032,
  "val_auc": 0.7346938848495483,
  "val_loss": 0.37614911794662476,
  "learning_rate": 0.0002500000118743628,
  "epoch": 2,
  "global_step": 201
}