{
  "Precision": 0.5081967115402222,
  "Recall": 0.9789473414421082,
  "auc": 0.9975041151046753,
  "loss": 0.4048248827457428,
  "val_Precision": 0.40909090638160706,
  "val_Recall": 0.6000000238418579,
  "val_auc": 0.8215873837471008,
  "val_loss": 0.7267278432846069,
  "learning_rate": 3.125000148429535e-05,
  "epoch": 99,
  "global_step": 6600
}