{
  "accuracy": 0.991847813129425,
  "loss": 0.0028923461213707924,
  "val_accuracy": 0.9285714030265808,
  "val_loss": 0.030404724180698395,
  "learning_rate": 0.0010000000474974513,
  "epoch": 8,
  "global_step": 1197
}