{
  "Precision": 0.4492753744125366,
  "Recall": 0.9789473414421082,
  "auc": 0.9958066344261169,
  "loss": 0.3885227143764496,
  "val_Precision": 0.3636363744735718,
  "val_Recall": 0.5333333611488342,
  "val_auc": 0.7471429109573364,
  "val_loss": 0.6192342638969421,
  "learning_rate": 0.0005000000237487257,
  "epoch": 70,
  "global_step": 4686
}