{
  "accuracy": 0.9389177560806274,
  "loss": 0.1458486020565033,
  "val_accuracy": 0.9200000166893005,
  "val_loss": 0.21282541751861572,
  "learning_rate": 0.0005000000237487257,
  "epoch": 21,
  "global_step": 2926
}