{
  "accuracy": 0.9775519967079163,
  "loss": 0.04782836139202118,
  "val_accuracy": 0.9387755393981934,
  "val_loss": 0.2246527373790741,
  "learning_rate": 0.0005000000237487257,
  "epoch": 35,
  "global_step": 4788
}