{
  "Precision": 0.23170731961727142,
  "Recall": 0.9895833134651184,
  "auc": 0.9889522790908813,
  "loss": 0.33786144852638245,
  "val_Precision": 0.24242424964904785,
  "val_Recall": 0.5714285969734192,
  "val_auc": 0.819466233253479,
  "val_loss": 0.6275951862335205,
  "learning_rate": 0.0001250000059371814,
  "epoch": 72,
  "global_step": 4891
}