{
  "Precision": 0.4000000059604645,
  "Recall": 1.0,
  "auc": 0.9955771565437317,
  "loss": 0.39554065465927124,
  "val_Precision": 0.3499999940395355,
  "val_Recall": 0.5,
  "val_auc": 0.7556907534599304,
  "val_loss": 0.6792505979537964,
  "learning_rate": 0.0005000000237487257,
  "epoch": 63,
  "global_step": 4288
}