{
  "Precision": 0.3877550959587097,
  "Recall": 0.9895833134651184,
  "auc": 0.995364248752594,
  "loss": 0.34662631154060364,
  "val_Precision": 0.3181818127632141,
  "val_Recall": 0.5,
  "val_auc": 0.7725666761398315,
  "val_loss": 0.5987311005592346,
  "learning_rate": 0.0005000000237487257,
  "epoch": 81,
  "global_step": 5494
}