{
  "Precision": 0.04060434550046921,
  "Recall": 0.8958333134651184,
  "auc": 0.8970713019371033,
  "loss": 0.4178663492202759,
  "val_Precision": 0.3478260934352875,
  "val_Recall": 0.5714285969734192,
  "val_auc": 0.8222134709358215,
  "val_loss": 0.29685962200164795,
  "learning_rate": 0.0010000000474974513,
  "epoch": 0,
  "global_step": 133
}