{
  "accuracy": 0.9666824340820312,
  "loss": 0.07056841999292374,
  "val_accuracy": 0.9336734414100647,
  "val_loss": 0.26574528217315674,
  "learning_rate": 0.0005000000237487257,
  "epoch": 23,
  "global_step": 3192
}