{
  "accuracy": 0.9504961967468262,
  "loss": 0.09955832362174988,
  "val_accuracy": 0.9132652878761292,
  "val_loss": 0.26670515537261963,
  "learning_rate": 0.0005000000237487257,
  "epoch": 24,
  "global_step": 3325
}