{
  "accuracy": 0.6889177560806274,
  "loss": 0.46516406536102295,
  "val_accuracy": 0.9234693646430969,
  "val_loss": 0.2929198145866394,
  "learning_rate": 0.0010000000474974513,
  "epoch": 1,
  "global_step": 266
}