{
  "Precision": 0.4871794879436493,
  "Recall": 0.9895833134651184,
  "auc": 0.9970921874046326,
  "loss": 0.39557236433029175,
  "val_Precision": 0.31578946113586426,
  "val_Recall": 0.4285714328289032,
  "val_auc": 0.740973174571991,
  "val_loss": 0.7740580439567566,
  "learning_rate": 0.0001250000059371814,
  "epoch": 83,
  "global_step": 5628
}