{
  "Precision": 0.1364942491054535,
  "Recall": 0.9895833134651184,
  "auc": 0.9654848575592041,
  "loss": 0.36906930804252625,
  "val_Precision": 0.24242424964904785,
  "val_Recall": 0.5714285969734192,
  "val_auc": 0.7917975187301636,
  "val_loss": 0.5133517384529114,
  "learning_rate": 0.0010000000474974513,
  "epoch": 11,
  "global_step": 804
}