{
  "accuracy": 0.9776701331138611,
  "loss": 0.017574669793248177,
  "val_accuracy": 0.9285714030265808,
  "val_loss": 0.023894604295492172,
  "learning_rate": 0.0010000000474974513,
  "epoch": 3,
  "global_step": 532
}