{
  "Precision": 0.3465704023838043,
  "Recall": 1.0,
  "auc": 0.9953492879867554,
  "loss": 0.3078463077545166,
  "val_Precision": 0.3478260934352875,
  "val_Recall": 0.5714285969734192,
  "val_auc": 0.7904238700866699,
  "val_loss": 0.5863432288169861,
  "learning_rate": 6.25000029685907e-05,
  "epoch": 89,
  "global_step": 6030
}