{
  "Precision": 0.2719546854496002,
  "Recall": 1.0,
  "auc": 0.9928684234619141,
  "loss": 0.11550021916627884,
  "val_Precision": 0.29411765933036804,
  "val_Recall": 0.3571428656578064,
  "val_auc": 0.6989794969558716,
  "val_loss": 0.36786752939224243,
  "learning_rate": 0.0010000000474974513,
  "epoch": 15,
  "global_step": 1072
}