{
  "Precision": 0.3877550959587097,
  "Recall": 0.9895833134651184,
  "auc": 0.9890804886817932,
  "loss": 0.15197473764419556,
  "val_Precision": 0.190476194024086,
  "val_Recall": 0.2857142984867096,
  "val_auc": 0.6983908414840698,
  "val_loss": 0.33944955468177795,
  "learning_rate": 0.0010000000474974513,
  "epoch": 14,
  "global_step": 525
}